{
  "metrics": {
    "single_shot_msr": 0.86,
    "multi_hop_agent_msr": 0.85
  },
  "hard_subset": {
    "n": 55,
    "single": 0.4909090909090909,
    "agent": 0.5909090909090909
  },
  "scored": 200,
  "skipped_ids": []
}